<?xml version="1.0" encoding="utf-8" ?>
<name2id name="maindlg" id="65537" />
<name2id name="btn_close" id="1" />
<name2id name="img_tst" id="65539" />
<name2id name="btn_ani" id="65540" />
<name2id name="ani_slide" id="65541" />
<name2id name="ani_center" id="65542" />
<name2id name="ani_blend" id="65543" />
<name2id name="grp_animode" id="65544" />
<name2id name="grp_slide_mode" id="65545" />
<name2id name="slide_hor_nagetive" id="65546" />
<name2id name="slide_hor_positive" id="65547" />
<name2id name="slide_ver_nagetive" id="65548" />
<name2id name="slide_ver_positive" id="65549" />
<name2id name="grp_hor_mode" id="65550" />
<name2id name="grp_ver_mode" id="65551" />
