﻿<layer title="DUI-DEMO" width="600" height="200" appwin="1" ncRect="5,5,5,5"  resize="1" translucent="0"  nomaxsize="0">
	<body>
    <dlg name="maindlg" pos="0,0,-0,-0" class="cls_dlg_frame" crtext="000000">
      <caption pos="0,0,-0,29">
        <text pos="11,9" class="cls_txt_red">%str1% ver:%str2%</text>
        <imgbtn id="1" name="btn_close" skin="btn_sys_close" pos="-45,0" tip="close" animate="0"/>
      </caption>
      <dlg pos="0,29,-0,-0">
        <dlg pos="5,5,-150,55">
          <text pos="0,0,30,22">URL:</text>
          <edit pos="35,0,-0,24" name="edit_url">http://yydl.duowan.com/4/setup/YYSetup-6.3.0.4-zh-CN.exe</edit>
          <text pos="0,26,30,-0">To:</text>
          <edit pos="35,26,-0,-0" name="edit_to">e:\YYSetup-6.3.0.4-zh-CN.exe</edit>
        </dlg>
        <button pos="-140,5,-5,55" name="btn_down" class="normalbtn">download</button>
        <animateimg pos="|-16,|-16" name="ani_install" skin="skin_busy" autostart="0"/>
        <progress pos="30,-15,-20,-5" name="prog_down" show="0" bgskin="prog_bg" posskin="prog_bar" min="0" max="100" value="0" showpercent="1"/>
      </dlg>
    </dlg>
	</body>
</layer>
