﻿<?xml version="1.0" encoding="utf-8"?>
<!--XML 资源，id_name and id:将写入到resource.h中的define,type and file :将写入到rc2的资源定义,layer:窗口定义XML，resbuilder使用它来自动为对应的XML生成控件ID-->
<resid type="XML" id_name="IDR_DUI_INIT"  id="100" file="xml\init.xml"  />
<resid type="XML" id_name="IDR_DUI_MSGBOX"  id="101" file="xml\dlg_msgbox.xml"  />
<resid type="XML" id_name="IDR_DUI_MAIN_DIALOG"  id="200" layer="1" file="xml\dlg_main.xml"/>

<resid type="IMGX" id_name="IDP_MAIN_DLG_FRAME"   id="1"    file="image\dlg_bg_frame.png"  />
<resid type="IMGX" id_name="IDP_BTN_WND_CHECKBOX"   id="51"  file="image\btn_wnd_checkbox.png"/>
<resid type="IMGX" id_name="IDP_BTN_WND_RADIO"  id="52"  file="image\btn_wnd_radio.png"   />
<resid type="IMGX" id_name="IDP_FOCUS_CHECK"  id="53"  file="image\focus_checkbox.png"/>
<resid type="IMGX" id_name="IDP_FOCUS_RADIO"  id="54"  file="image\focus_radio.png"   />


<resid type="IMGX" id_name="IDP_BTN_SYS_CLOSE"  id="80"  file="image\btn_sys_close.png"    />
<resid type="IMGX" id_name="IDP_SCROLL"  id="104"  file="image\scrollbar.bmp" />
