<skins>
  <imgframe name="dlg_frame" owner="DUI-DEMO"   src="1" left="5" right="5" top="40" bottom="40"/>
  
	<imglst name="btncheckbox"         src="51" subwidth="15"  />
	<imglst name="btnRadio"            src="52" subwidth="15"  />
  <imglst name="focuscheckbox" src="53"/>
  <imglst name="focusRadio" src="54"/>
  <scrollbar name="sb_common" src="104" thumbleft="3"/>

  <imglst name="btn_sys_close"    src="80" subwidth="38" />

  <button name="normalbtn" border="7D9EBC" bg="FBFCFD" bgup="FEFEFE"
    bgdown="C6E2FD" bguphover="FEFEFE" bgdownhover="DBEDFE"
    bguppush="C6E2FD" bgdownpush="FEFEFE"/>

</skins>
